burst_num,burst_trig_bin,burst_file,single_emission
105, trig00000,cat64ms.00105,1
107, trig00000,cat64ms.00107,0
108, trig00000,cat64ms.00108,1
109, trig00000,cat64ms.00109,0
110, trig00000,cat64ms.00110,0
111, trig00000,cat64ms.00111,1
114, trig00000,cat64ms.00114,0
121, trig00000,cat64ms.00121,1
130, trig00000,cat64ms.00130,1
133, trig00000,cat64ms.00133,0
138, trig00000,cat64ms.00138,1
142, trig00000,cat64ms.00142,0
143, trig00000,cat64ms.00143,0
148, trig00000,cat64ms.00148,0
160, trig00000,cat64ms.00160,1
171, trig00000,cat64ms.00171,1
179, trig00000,cat64ms.00179,1
185, trig00000,cat64ms.00185,1
204, trig00000,cat64ms.00204,1
206, trig00000,cat64ms.00206,1
207, trig00000,cat64ms.00207,1
211, trig00000,cat64ms.00211,0
214, trig00000,cat64ms.00214,0
218, trig00000,cat64ms.00218,0
219, trig00000,cat64ms.00219,1
222, trig00000,cat64ms.00222,1
223, trig00000,cat64ms.00223,0
226, trig00000,cat64ms.00226,1
228, trig00000,cat64ms.00228,1
229, trig00000,cat64ms.00229,1
235, trig00000,cat64ms.00235,0
237, trig00000,cat64ms.00237,1
249, trig00000,cat64ms.00249,1
254, trig00000,cat64ms.00254,1
257, trig00000,cat64ms.00257,1
269, trig00000,cat64ms.00269,0
288, trig00000,cat64ms.00288,1
289, trig00000,cat64ms.00289,0
297, trig00000,cat64ms.00297,1
298, trig00000,cat64ms.00298,1
332, trig00000,cat64ms.00332,1
351, trig00000,cat64ms.00351,0
353, trig00000,cat64ms.00353,0
373, trig00000,cat64ms.00373,1
394, trig00000,cat64ms.00394,1
398, trig00000,cat64ms.00398,1
401, trig00000,cat64ms.00401,1
404, trig00000,cat64ms.00404,0
408, trig00000,cat64ms.00408,1
414, trig00000,cat64ms.00414,1
432, trig00000,cat64ms.00432,1
444, trig00000,cat64ms.00444,1
451, trig00000,cat64ms.00451,1
465, trig00000,cat64ms.00465,1
467, trig00000,cat64ms.00467,1
469, trig00000,cat64ms.00469,1
472, trig00000,cat64ms.00472,1
473, trig00000,cat64ms.00473,1
474, trig00000,cat64ms.00474,1
480, trig00000,cat64ms.00480,1
486, trig00000,cat64ms.00486,1
491, trig00000,cat64ms.00491,1
493, trig00000,cat64ms.00493,1
501, trig00000,cat64ms.00501,1
503, trig00000,cat64ms.00503,1
508, trig00000,cat64ms.00508,1
512, trig00000,cat64ms.00512,0
516, trig00000,cat64ms.00516,1
526, trig00000,cat64ms.00526,0
537, trig00000,cat64ms.00537,1
540, trig00000,cat64ms.00540,1
543, trig00000,cat64ms.00543,1
547, trig00000,cat64ms.00547,1
548, trig00000,cat64ms.00548,1
550, trig00000,cat64ms.00550,0
551, trig00000,cat64ms.00551,1
555, trig00000,cat64ms.00555,1
559, trig00000,cat64ms.00559,1
563, trig00000,cat64ms.00563,1
568, trig00000,cat64ms.00568,1
575, trig00000,cat64ms.00575,1
577, trig00000,cat64ms.00577,1
591, trig00000,cat64ms.00591,1
593, trig00000,cat64ms.00593,1
594, trig00000,cat64ms.00594,1
603, trig00000,cat64ms.00603,1
606, trig00000,cat64ms.00606,1
612, trig00000,cat64ms.00612,1
630, trig00000,cat64ms.00630,1
640, trig00000,cat64ms.00640,1
647, trig00000,cat64ms.00647,1
658, trig00000,cat64ms.00658,1
659, trig00000,cat64ms.00659,1
660, trig00000,cat64ms.00660,1
666, trig00000,cat64ms.00666,1
673, trig00000,cat64ms.00673,1
676, trig00000,cat64ms.00676,1
677, trig00000,cat64ms.00677,1
678, trig00000,cat64ms.00678,1
680, trig00000,cat64ms.00680,1
685, trig00000,cat64ms.00685,1
686, trig00000,cat64ms.00686,1
690, trig00000,cat64ms.00690,1
692, trig00000,cat64ms.00692,1
704, trig00000,cat64ms.00704,1
711, trig00000,cat64ms.00711,1
717, trig00000,cat64ms.00717,1
727, trig00000,cat64ms.00727,1
729, trig00000,cat64ms.00729,1
734, trig00000,cat64ms.00734,1
741, trig00000,cat64ms.00741,1
752, trig00000,cat64ms.00752,1
753, trig00000,cat64ms.00753,0
755, trig00000,cat64ms.00755,1
761, trig00000,cat64ms.00761,1
764, trig00000,cat64ms.00764,1
773, trig00000,cat64ms.00773,1
788, trig00000,cat64ms.00788,1
795, trig00000,cat64ms.00795,1
799, trig00000,cat64ms.00799,1
803, trig00000,cat64ms.00803,1
809, trig00000,cat64ms.00809,1
815, trig00000,cat64ms.00815,1
816, trig00000,cat64ms.00816,1
820, trig00000,cat64ms.00820,1
824, trig00000,cat64ms.00824,1
825, trig00000,cat64ms.00825,1
829, trig00000,cat64ms.00829,1
830, trig00000,cat64ms.00830,1
834, trig00000,cat64ms.00834,1
836, trig00000,cat64ms.00836,1
840, trig00000,cat64ms.00840,1
841, trig00000,cat64ms.00841,1
845, trig00000,cat64ms.00845,1
856, trig00000,cat64ms.00856,1
867, trig00000,cat64ms.00867,1
869, trig00000,cat64ms.00869,0
871, trig00000,cat64ms.00871,1
878, trig00000,cat64ms.00878,0
906, trig00000,cat64ms.00906,1
907, trig00000,cat64ms.00907,0
909, trig00000,cat64ms.00909,1
914, trig00000,cat64ms.00914,1
927, trig00000,cat64ms.00927,0
929, trig00000,cat64ms.00929,0
936, trig00000,cat64ms.00936,1
938, trig00000,cat64ms.00938,1
942, trig00000,cat64ms.00942,1
946, trig00000,cat64ms.00946,1
973, trig00000,cat64ms.00973,1
974, trig00000,cat64ms.00974,1
981, trig00000,cat64ms.00981,0
999, trig00000,cat64ms.00999,1
1008, trig01000,cat64ms.01008,0
1009, trig01000,cat64ms.01009,0
1025, trig01000,cat64ms.01025,0
1036, trig01000,cat64ms.01036,1
1039, trig01000,cat64ms.01039,1
1042, trig01000,cat64ms.01042,1
1046, trig01000,cat64ms.01046,1
1051, trig01000,cat64ms.01051,1
1073, trig01000,cat64ms.01073,1
1076, trig01000,cat64ms.01076,0
1085, trig01000,cat64ms.01085,1
1086, trig01000,cat64ms.01086,1
1087, trig01000,cat64ms.01087,1
1088, trig01000,cat64ms.01088,1
1096, trig01000,cat64ms.01096,1
1097, trig01000,cat64ms.01097,1
1102, trig01000,cat64ms.01102,1
1110, trig01000,cat64ms.01110,1
1112, trig01000,cat64ms.01112,1
1114, trig01000,cat64ms.01114,1
1120, trig01000,cat64ms.01120,1
1122, trig01000,cat64ms.01122,1
1123, trig01000,cat64ms.01123,0
1125, trig01000,cat64ms.01125,1
1126, trig01000,cat64ms.01126,1
1128, trig01000,cat64ms.01128,1
1129, trig01000,cat64ms.01129,1
1141, trig01000,cat64ms.01141,1
1142, trig01000,cat64ms.01142,1
1145, trig01000,cat64ms.01145,1
1148, trig01000,cat64ms.01148,1
1150, trig01000,cat64ms.01150,1
1152, trig01000,cat64ms.01152,0
1153, trig01000,cat64ms.01153,1
1154, trig01000,cat64ms.01154,1
1156, trig01000,cat64ms.01156,1
1157, trig01000,cat64ms.01157,1
1159, trig01000,cat64ms.01159,1
1167, trig01000,cat64ms.01167,1
1190, trig01000,cat64ms.01190,1
1192, trig01000,cat64ms.01192,0
1196, trig01000,cat64ms.01196,1
1197, trig01000,cat64ms.01197,1
1200, trig01000,cat64ms.01200,1
1204, trig01000,cat64ms.01204,1
1211, trig01000,cat64ms.01211,1
1212, trig01000,cat64ms.01212,1
1213, trig01000,cat64ms.01213,1
1218, trig01000,cat64ms.01218,1
1221, trig01000,cat64ms.01221,1
1223, trig01000,cat64ms.01223,1
1235, trig01000,cat64ms.01235,1
1244, trig01000,cat64ms.01244,0
1279, trig01000,cat64ms.01279,1
1288, trig01000,cat64ms.01288,0
1289, trig01000,cat64ms.01289,1
1291, trig01000,cat64ms.01291,1
1298, trig01000,cat64ms.01298,1
1301, trig01000,cat64ms.01301,1
1303, trig01000,cat64ms.01303,1
1306, trig01000,cat64ms.01306,1
1308, trig01000,cat64ms.01308,1
1311, trig01000,cat64ms.01311,0
1318, trig01000,cat64ms.01318,1
1319, trig01000,cat64ms.01319,0
1321, trig01000,cat64ms.01321,1
1328, trig01000,cat64ms.01328,1
1346, trig01000,cat64ms.01346,1
1359, trig01000,cat64ms.01359,1
1365, trig01000,cat64ms.01365,0
1379, trig01000,cat64ms.01379,1
1382, trig01000,cat64ms.01382,1
1384, trig01000,cat64ms.01384,0
1385, trig01000,cat64ms.01385,1
1388, trig01000,cat64ms.01388,1
1390, trig01000,cat64ms.01390,1
1396, trig01000,cat64ms.01396,1
1404, trig01000,cat64ms.01404,0
1406, trig01000,cat64ms.01406,1
1413, trig01000,cat64ms.01413,1
1416, trig01000,cat64ms.01416,1
1419, trig01000,cat64ms.01419,0
1422, trig01000,cat64ms.01422,1
1425, trig01000,cat64ms.01425,1
1430, trig01000,cat64ms.01430,0
1432, trig01000,cat64ms.01432,1
1435, trig01000,cat64ms.01435,1
1439, trig01000,cat64ms.01439,1
1440, trig01000,cat64ms.01440,1
1443, trig01000,cat64ms.01443,1
1446, trig01000,cat64ms.01446,1
1447, trig01000,cat64ms.01447,1
1449, trig01000,cat64ms.01449,1
1452, trig01000,cat64ms.01452,1
1453, trig01000,cat64ms.01453,1
1456, trig01000,cat64ms.01456,1
1458, trig01000,cat64ms.01458,1
1459, trig01000,cat64ms.01459,1
1461, trig01000,cat64ms.01461,0
1463, trig01000,cat64ms.01463,1
1465, trig01000,cat64ms.01465,1
1466, trig01000,cat64ms.01466,0
1467, trig01000,cat64ms.01467,1
1468, trig01000,cat64ms.01468,1
1469, trig01000,cat64ms.01469,1
1472, trig01000,cat64ms.01472,1
1473, trig01000,cat64ms.01473,1
1480, trig01000,cat64ms.01480,1
1481, trig01000,cat64ms.01481,0
1503, trig01000,cat64ms.01503,0
1515, trig01000,cat64ms.01515,1
1518, trig01000,cat64ms.01518,1
1533, trig01000,cat64ms.01533,0
1540, trig01000,cat64ms.01540,1
1541, trig01000,cat64ms.01541,1
1546, trig01000,cat64ms.01546,1
1551, trig01000,cat64ms.01551,1
1552, trig01000,cat64ms.01552,1
1553, trig01000,cat64ms.01553,1
1558, trig01000,cat64ms.01558,1
1559, trig01000,cat64ms.01559,1
1561, trig01000,cat64ms.01561,1
1566, trig01000,cat64ms.01566,1
1567, trig01000,cat64ms.01567,1
1574, trig01000,cat64ms.01574,1
1578, trig01000,cat64ms.01578,1
1579, trig01000,cat64ms.01579,1
1580, trig01000,cat64ms.01580,1
1586, trig01000,cat64ms.01586,1
1588, trig01000,cat64ms.01588,1
1590, trig01000,cat64ms.01590,0
1601, trig01000,cat64ms.01601,1
1604, trig01000,cat64ms.01604,1
1606, trig01000,cat64ms.01606,1
1609, trig01000,cat64ms.01609,1
1611, trig01000,cat64ms.01611,1
1614, trig01000,cat64ms.01614,1
1623, trig01000,cat64ms.01623,1
1625, trig01000,cat64ms.01625,1
1626, trig01000,cat64ms.01626,1
1628, trig01000,cat64ms.01628,1
1634, trig01000,cat64ms.01634,1
1635, trig01000,cat64ms.01635,1
1636, trig01000,cat64ms.01636,1
1637, trig01000,cat64ms.01637,1
1642, trig01000,cat64ms.01642,1
1646, trig01000,cat64ms.01646,0
1651, trig01000,cat64ms.01651,0
1652, trig01000,cat64ms.01652,1
1653, trig01000,cat64ms.01653,1
1655, trig01000,cat64ms.01655,0
1656, trig01000,cat64ms.01656,0
1657, trig01000,cat64ms.01657,1
1659, trig01000,cat64ms.01659,1
1660, trig01000,cat64ms.01660,1
1661, trig01000,cat64ms.01661,1
1662, trig01000,cat64ms.01662,1
1663, trig01000,cat64ms.01663,1
1664, trig01000,cat64ms.01664,1
1665, trig01000,cat64ms.01665,1
1667, trig01000,cat64ms.01667,0
1676, trig01000,cat64ms.01676,0
1679, trig01000,cat64ms.01679,1
1680, trig01000,cat64ms.01680,1
1683, trig01000,cat64ms.01683,1
1687, trig01000,cat64ms.01687,0
1693, trig01000,cat64ms.01693,1
1694, trig01000,cat64ms.01694,1
1700, trig01000,cat64ms.01700,1
1701, trig01000,cat64ms.01701,1
1704, trig01000,cat64ms.01704,1
1709, trig01000,cat64ms.01709,1
1711, trig01000,cat64ms.01711,1
1712, trig01000,cat64ms.01712,0
1714, trig01000,cat64ms.01714,1
1717, trig01000,cat64ms.01717,1
1723, trig01000,cat64ms.01723,1
1730, trig01000,cat64ms.01730,1
1731, trig01000,cat64ms.01731,1
1733, trig01000,cat64ms.01733,1
1734, trig01000,cat64ms.01734,1
1736, trig01000,cat64ms.01736,1
1740, trig01000,cat64ms.01740,1
1741, trig01000,cat64ms.01741,1
1742, trig01000,cat64ms.01742,1
1747, trig01000,cat64ms.01747,1
1760, trig01000,cat64ms.01760,1
1791, trig01000,cat64ms.01791,1
1806, trig01000,cat64ms.01806,1
1807, trig01000,cat64ms.01807,1
1815, trig01000,cat64ms.01815,1
1819, trig01000,cat64ms.01819,1
1830, trig01000,cat64ms.01830,0
1851, trig01000,cat64ms.01851,1
1883, trig01000,cat64ms.01883,1
1885, trig01000,cat64ms.01885,1
1886, trig01000,cat64ms.01886,0
1922, trig01000,cat64ms.01922,1
1924, trig01000,cat64ms.01924,1
1953, trig01000,cat64ms.01953,1
1956, trig01000,cat64ms.01956,1
1967, trig01000,cat64ms.01967,1
1968, trig01000,cat64ms.01968,1
1974, trig01000,cat64ms.01974,1
1982, trig01000,cat64ms.01982,1
1989, trig01000,cat64ms.01989,0
1991, trig01000,cat64ms.01991,1
1993, trig01000,cat64ms.01993,1
1997, trig01000,cat64ms.01997,0
2003, trig02000,cat64ms.02003,1
2018, trig02000,cat64ms.02018,1
2019, trig02000,cat64ms.02019,1
2035, trig02000,cat64ms.02035,1
2037, trig02000,cat64ms.02037,1
2040, trig02000,cat64ms.02040,1
2041, trig02000,cat64ms.02041,1
2043, trig02000,cat64ms.02043,1
2044, trig02000,cat64ms.02044,1
2047, trig02000,cat64ms.02047,1
2049, trig02000,cat64ms.02049,1
2053, trig02000,cat64ms.02053,1
2056, trig02000,cat64ms.02056,1
2061, trig02000,cat64ms.02061,1
2067, trig02000,cat64ms.02067,1
2068, trig02000,cat64ms.02068,1
2069, trig02000,cat64ms.02069,1
2070, trig02000,cat64ms.02070,1
2074, trig02000,cat64ms.02074,1
2077, trig02000,cat64ms.02077,1
2079, trig02000,cat64ms.02079,1
2080, trig02000,cat64ms.02080,1
2081, trig02000,cat64ms.02081,1
2083, trig02000,cat64ms.02083,1
2087, trig02000,cat64ms.02087,1
2090, trig02000,cat64ms.02090,0
2093, trig02000,cat64ms.02093,1
2095, trig02000,cat64ms.02095,1
2099, trig02000,cat64ms.02099,1
2101, trig02000,cat64ms.02101,1
2102, trig02000,cat64ms.02102,1
2103, trig02000,cat64ms.02103,1
2105, trig02000,cat64ms.02105,1
2106, trig02000,cat64ms.02106,1
2110, trig02000,cat64ms.02110,1
2111, trig02000,cat64ms.02111,1
2112, trig02000,cat64ms.02112,1
2114, trig02000,cat64ms.02114,0
2115, trig02000,cat64ms.02115,1
2117, trig02000,cat64ms.02117,1
2122, trig02000,cat64ms.02122,1
2123, trig02000,cat64ms.02123,1
2125, trig02000,cat64ms.02125,1
2126, trig02000,cat64ms.02126,1
2129, trig02000,cat64ms.02129,1
2132, trig02000,cat64ms.02132,1
2133, trig02000,cat64ms.02133,1
2138, trig02000,cat64ms.02138,0
2140, trig02000,cat64ms.02140,1
2142, trig02000,cat64ms.02142,1
2143, trig02000,cat64ms.02143,1
2145, trig02000,cat64ms.02145,1
2146, trig02000,cat64ms.02146,1
2148, trig02000,cat64ms.02148,0
2149, trig02000,cat64ms.02149,1
2151, trig02000,cat64ms.02151,1
2152, trig02000,cat64ms.02152,1
2155, trig02000,cat64ms.02155,1
2156, trig02000,cat64ms.02156,0
2159, trig02000,cat64ms.02159,1
2161, trig02000,cat64ms.02161,1
2163, trig02000,cat64ms.02163,1
2167, trig02000,cat64ms.02167,1
2181, trig02000,cat64ms.02181,1
2187, trig02000,cat64ms.02187,1
2188, trig02000,cat64ms.02188,1
2189, trig02000,cat64ms.02189,1
2190, trig02000,cat64ms.02190,1
2191, trig02000,cat64ms.02191,1
2193, trig02000,cat64ms.02193,1
2197, trig02000,cat64ms.02197,1
2201, trig02000,cat64ms.02201,1
2202, trig02000,cat64ms.02202,1
2203, trig02000,cat64ms.02203,1
2204, trig02000,cat64ms.02204,1
2205, trig02000,cat64ms.02205,1
2206, trig02000,cat64ms.02206,1
2207, trig02000,cat64ms.02207,1
2211, trig02000,cat64ms.02211,0
2213, trig02000,cat64ms.02213,0
2217, trig02000,cat64ms.02217,1
2219, trig02000,cat64ms.02219,1
2220, trig02000,cat64ms.02220,1
2228, trig02000,cat64ms.02228,1
2230, trig02000,cat64ms.02230,1
2232, trig02000,cat64ms.02232,0
2233, trig02000,cat64ms.02233,1
2240, trig02000,cat64ms.02240,1
2244, trig02000,cat64ms.02244,0
2252, trig02000,cat64ms.02252,1
2253, trig02000,cat64ms.02253,1
2254, trig02000,cat64ms.02254,1
2265, trig02000,cat64ms.02265,1
2267, trig02000,cat64ms.02267,1
2268, trig02000,cat64ms.02268,1
2271, trig02000,cat64ms.02271,1
2273, trig02000,cat64ms.02273,1
2276, trig02000,cat64ms.02276,1
2277, trig02000,cat64ms.02277,1
2283, trig02000,cat64ms.02283,1
2287, trig02000,cat64ms.02287,1
2288, trig02000,cat64ms.02288,1
2291, trig02000,cat64ms.02291,1
2297, trig02000,cat64ms.02297,0
2298, trig02000,cat64ms.02298,1
2304, trig02000,cat64ms.02304,1
2306, trig02000,cat64ms.02306,1
2309, trig02000,cat64ms.02309,1
2310, trig02000,cat64ms.02310,1
2311, trig02000,cat64ms.02311,0
2312, trig02000,cat64ms.02312,1
2315, trig02000,cat64ms.02315,1
2316, trig02000,cat64ms.02316,1
2317, trig02000,cat64ms.02317,1
2320, trig02000,cat64ms.02320,1
2321, trig02000,cat64ms.02321,1
2324, trig02000,cat64ms.02324,1
2326, trig02000,cat64ms.02326,1
2327, trig02000,cat64ms.02327,1
2328, trig02000,cat64ms.02328,1
2329, trig02000,cat64ms.02329,1
2330, trig02000,cat64ms.02330,1
2332, trig02000,cat64ms.02332,1
2340, trig02000,cat64ms.02340,1
2344, trig02000,cat64ms.02344,1
2345, trig02000,cat64ms.02345,1
2346, trig02000,cat64ms.02346,1
2347, trig02000,cat64ms.02347,1
2349, trig02000,cat64ms.02349,1
2350, trig02000,cat64ms.02350,0
2352, trig02000,cat64ms.02352,1
2353, trig02000,cat64ms.02353,1
2357, trig02000,cat64ms.02357,1
2358, trig02000,cat64ms.02358,1
2360, trig02000,cat64ms.02360,1
2362, trig02000,cat64ms.02362,1
2365, trig02000,cat64ms.02365,0
2367, trig02000,cat64ms.02367,1
2368, trig02000,cat64ms.02368,1
2371, trig02000,cat64ms.02371,1
2372, trig02000,cat64ms.02372,1
2373, trig02000,cat64ms.02373,1
2375, trig02000,cat64ms.02375,1
2377, trig02000,cat64ms.02377,1
2380, trig02000,cat64ms.02380,1
2381, trig02000,cat64ms.02381,1
2382, trig02000,cat64ms.02382,0
2383, trig02000,cat64ms.02383,1
2384, trig02000,cat64ms.02384,1
2385, trig02000,cat64ms.02385,1
2387, trig02000,cat64ms.02387,1
2389, trig02000,cat64ms.02389,1
2391, trig02000,cat64ms.02391,1
2392, trig02000,cat64ms.02392,1
2393, trig02000,cat64ms.02393,1
2394, trig02000,cat64ms.02394,1
2395, trig02000,cat64ms.02395,1
2401, trig02000,cat64ms.02401,1
2405, trig02000,cat64ms.02405,1
2408, trig02000,cat64ms.02408,1
2412, trig02000,cat64ms.02412,1
2419, trig02000,cat64ms.02419,1
2423, trig02000,cat64ms.02423,1
2424, trig02000,cat64ms.02424,1
2428, trig02000,cat64ms.02428,1
2429, trig02000,cat64ms.02429,1
2430, trig02000,cat64ms.02430,1
2431, trig02000,cat64ms.02431,1
2432, trig02000,cat64ms.02432,1
2434, trig02000,cat64ms.02434,1
2435, trig02000,cat64ms.02435,0
2436, trig02000,cat64ms.02436,0
2437, trig02000,cat64ms.02437,1
2438, trig02000,cat64ms.02438,1
2440, trig02000,cat64ms.02440,1
2441, trig02000,cat64ms.02441,1
2442, trig02000,cat64ms.02442,1
2443, trig02000,cat64ms.02443,1
2446, trig02000,cat64ms.02446,1
2447, trig02000,cat64ms.02447,1
2448, trig02000,cat64ms.02448,1
2449, trig02000,cat64ms.02449,1
2450, trig02000,cat64ms.02450,1
2451, trig02000,cat64ms.02451,1
2452, trig02000,cat64ms.02452,1
2453, trig02000,cat64ms.02453,1
2454, trig02000,cat64ms.02454,1
2458, trig02000,cat64ms.02458,1
2460, trig02000,cat64ms.02460,1
2462, trig02000,cat64ms.02462,0
2463, trig02000,cat64ms.02463,1
2464, trig02000,cat64ms.02464,1
2472, trig02000,cat64ms.02472,1
2476, trig02000,cat64ms.02476,1
2477, trig02000,cat64ms.02477,1
2482, trig02000,cat64ms.02482,1
2484, trig02000,cat64ms.02484,1
2485, trig02000,cat64ms.02485,1
2487, trig02000,cat64ms.02487,1
2495, trig02000,cat64ms.02495,1
2496, trig02000,cat64ms.02496,1
2500, trig02000,cat64ms.02500,1
2502, trig02000,cat64ms.02502,1
2504, trig02000,cat64ms.02504,1
2505, trig02000,cat64ms.02505,1
2507, trig02000,cat64ms.02507,1
2508, trig02000,cat64ms.02508,1
2509, trig02000,cat64ms.02509,1
2510, trig02000,cat64ms.02510,1
2511, trig02000,cat64ms.02511,1
2512, trig02000,cat64ms.02512,1
2513, trig02000,cat64ms.02513,1
2514, trig02000,cat64ms.02514,1
2515, trig02000,cat64ms.02515,0
2519, trig02000,cat64ms.02519,0
2522, trig02000,cat64ms.02522,1
2523, trig02000,cat64ms.02523,1
2528, trig02000,cat64ms.02528,1
2529, trig02000,cat64ms.02529,1
2530, trig02000,cat64ms.02530,1
2533, trig02000,cat64ms.02533,1
2536, trig02000,cat64ms.02536,1
2537, trig02000,cat64ms.02537,1
2541, trig02000,cat64ms.02541,1
2542, trig02000,cat64ms.02542,1
2551, trig02000,cat64ms.02551,1
2560, trig02000,cat64ms.02560,1
2564, trig02000,cat64ms.02564,1
2569, trig02000,cat64ms.02569,1
2570, trig02000,cat64ms.02570,1
2571, trig02000,cat64ms.02571,1
2581, trig02000,cat64ms.02581,1
2583, trig02000,cat64ms.02583,1
2585, trig02000,cat64ms.02585,1
2586, trig02000,cat64ms.02586,1
2589, trig02000,cat64ms.02589,1
2592, trig02000,cat64ms.02592,0
2593, trig02000,cat64ms.02593,1
2597, trig02000,cat64ms.02597,1
2599, trig02000,cat64ms.02599,1
2600, trig02000,cat64ms.02600,1
2603, trig02000,cat64ms.02603,1
2606, trig02000,cat64ms.02606,1
2608, trig02000,cat64ms.02608,1
2610, trig02000,cat64ms.02610,1
2611, trig02000,cat64ms.02611,1
2614, trig02000,cat64ms.02614,1
2615, trig02000,cat64ms.02615,1
2619, trig02000,cat64ms.02619,1
2620, trig02000,cat64ms.02620,1
2623, trig02000,cat64ms.02623,1
2628, trig02000,cat64ms.02628,1
2632, trig02000,cat64ms.02632,1
2633, trig02000,cat64ms.02633,1
2634, trig02000,cat64ms.02634,0
2636, trig02000,cat64ms.02636,1
2640, trig02000,cat64ms.02640,1
2641, trig02000,cat64ms.02641,1
2649, trig02000,cat64ms.02649,1
2660, trig02000,cat64ms.02660,1
2662, trig02000,cat64ms.02662,1
2663, trig02000,cat64ms.02663,0
2664, trig02000,cat64ms.02664,1
2665, trig02000,cat64ms.02665,1
2671, trig02000,cat64ms.02671,1
2677, trig02000,cat64ms.02677,1
2679, trig02000,cat64ms.02679,1
2680, trig02000,cat64ms.02680,0
2681, trig02000,cat64ms.02681,0
2688, trig02000,cat64ms.02688,1
2690, trig02000,cat64ms.02690,1
2691, trig02000,cat64ms.02691,1
2693, trig02000,cat64ms.02693,1
2695, trig02000,cat64ms.02695,0
2696, trig02000,cat64ms.02696,1
2697, trig02000,cat64ms.02697,1
2700, trig02000,cat64ms.02700,1
2701, trig02000,cat64ms.02701,1
2703, trig02000,cat64ms.02703,1
2709, trig02000,cat64ms.02709,1
2711, trig02000,cat64ms.02711,0
2715, trig02000,cat64ms.02715,1
2719, trig02000,cat64ms.02719,1
2725, trig02000,cat64ms.02725,1
2727, trig02000,cat64ms.02727,1
2728, trig02000,cat64ms.02728,1
2729, trig02000,cat64ms.02729,0
2736, trig02000,cat64ms.02736,1
2748, trig02000,cat64ms.02748,1
2749, trig02000,cat64ms.02749,1
2750, trig02000,cat64ms.02750,0
2751, trig02000,cat64ms.02751,1
2753, trig02000,cat64ms.02753,1
2755, trig02000,cat64ms.02755,1
2757, trig02000,cat64ms.02757,1
2760, trig02000,cat64ms.02760,1
2767, trig02000,cat64ms.02767,1
2770, trig02000,cat64ms.02770,0
2774, trig02000,cat64ms.02774,1
2775, trig02000,cat64ms.02775,1
2776, trig02000,cat64ms.02776,1
2780, trig02000,cat64ms.02780,1
2787, trig02000,cat64ms.02787,1
2788, trig02000,cat64ms.02788,1
2790, trig02000,cat64ms.02790,1
2793, trig02000,cat64ms.02793,1
2795, trig02000,cat64ms.02795,1
2797, trig02000,cat64ms.02797,1
2798, trig02000,cat64ms.02798,1
2799, trig02000,cat64ms.02799,1
2800, trig02000,cat64ms.02800,1
2801, trig02000,cat64ms.02801,1
2810, trig02000,cat64ms.02810,1
2812, trig02000,cat64ms.02812,1
2814, trig02000,cat64ms.02814,1
2815, trig02000,cat64ms.02815,0
2821, trig02000,cat64ms.02821,0
2823, trig02000,cat64ms.02823,1
2825, trig02000,cat64ms.02825,1
2828, trig02000,cat64ms.02828,1
2830, trig02000,cat64ms.02830,1
2831, trig02000,cat64ms.02831,0
2834, trig02000,cat64ms.02834,0
2843, trig02000,cat64ms.02843,0
2844, trig02000,cat64ms.02844,1
2846, trig02000,cat64ms.02846,1
2848, trig02000,cat64ms.02848,1
2849, trig02000,cat64ms.02849,1
2850, trig02000,cat64ms.02850,1
2851, trig02000,cat64ms.02851,1
2852, trig02000,cat64ms.02852,0
2853, trig02000,cat64ms.02853,0
2855, trig02000,cat64ms.02855,1
2856, trig02000,cat64ms.02856,1
2857, trig02000,cat64ms.02857,1
2858, trig02000,cat64ms.02858,1
2860, trig02000,cat64ms.02860,1
2861, trig02000,cat64ms.02861,1
2862, trig02000,cat64ms.02862,1
2863, trig02000,cat64ms.02863,0
2864, trig02000,cat64ms.02864,1
2873, trig02000,cat64ms.02873,1
2877, trig02000,cat64ms.02877,1
2879, trig02000,cat64ms.02879,1
2880, trig02000,cat64ms.02880,1
2889, trig02000,cat64ms.02889,1
2890, trig02000,cat64ms.02890,1
2891, trig02000,cat64ms.02891,1
2892, trig02000,cat64ms.02892,0
2893, trig02000,cat64ms.02893,1
2894, trig02000,cat64ms.02894,1
2896, trig02000,cat64ms.02896,1
2897, trig02000,cat64ms.02897,1
2898, trig02000,cat64ms.02898,1
2901, trig02000,cat64ms.02901,1
2910, trig02000,cat64ms.02910,1
2913, trig02000,cat64ms.02913,1
2916, trig02000,cat64ms.02916,1
2917, trig02000,cat64ms.02917,1
2918, trig02000,cat64ms.02918,1
2919, trig02000,cat64ms.02919,1
2922, trig02000,cat64ms.02922,0
2924, trig02000,cat64ms.02924,1
2925, trig02000,cat64ms.02925,1
2927, trig02000,cat64ms.02927,1
2929, trig02000,cat64ms.02929,1
2931, trig02000,cat64ms.02931,1
2932, trig02000,cat64ms.02932,1
2933, trig02000,cat64ms.02933,1
2940, trig02000,cat64ms.02940,1
2944, trig02000,cat64ms.02944,1
2945, trig02000,cat64ms.02945,1
2947, trig02000,cat64ms.02947,1
2948, trig02000,cat64ms.02948,1
2950, trig02000,cat64ms.02950,1
2951, trig02000,cat64ms.02951,1
2952, trig02000,cat64ms.02952,1
2958, trig02000,cat64ms.02958,0
2961, trig02000,cat64ms.02961,1
2964, trig02000,cat64ms.02964,1
2966, trig02000,cat64ms.02966,1
2973, trig02000,cat64ms.02973,1
2975, trig02000,cat64ms.02975,1
2977, trig02000,cat64ms.02977,1
2978, trig02000,cat64ms.02978,1
2980, trig02000,cat64ms.02980,1
2984, trig02000,cat64ms.02984,0
2985, trig02000,cat64ms.02985,1
2986, trig02000,cat64ms.02986,0
2987, trig02000,cat64ms.02987,1
2988, trig02000,cat64ms.02988,1
2990, trig02000,cat64ms.02990,1
2992, trig02000,cat64ms.02992,1
2993, trig02000,cat64ms.02993,1
2994, trig02000,cat64ms.02994,1
2995, trig02000,cat64ms.02995,1
2996, trig02000,cat64ms.02996,1
2998, trig02000,cat64ms.02998,1
3001, trig03000,cat64ms.03001,1
3003, trig03000,cat64ms.03003,1
3005, trig03000,cat64ms.03005,1
3011, trig03000,cat64ms.03011,1
3012, trig03000,cat64ms.03012,1
3015, trig03000,cat64ms.03015,1
3016, trig03000,cat64ms.03016,1
3017, trig03000,cat64ms.03017,1
3026, trig03000,cat64ms.03026,1
3027, trig03000,cat64ms.03027,1
3028, trig03000,cat64ms.03028,1
3029, trig03000,cat64ms.03029,1
3032, trig03000,cat64ms.03032,1
3035, trig03000,cat64ms.03035,1
3036, trig03000,cat64ms.03036,1
3037, trig03000,cat64ms.03037,1
3039, trig03000,cat64ms.03039,1
3040, trig03000,cat64ms.03040,0
3041, trig03000,cat64ms.03041,0
3042, trig03000,cat64ms.03042,0
3043, trig03000,cat64ms.03043,1
3046, trig03000,cat64ms.03046,1
3051, trig03000,cat64ms.03051,1
3055, trig03000,cat64ms.03055,1
3056, trig03000,cat64ms.03056,1
3057, trig03000,cat64ms.03057,1
3066, trig03000,cat64ms.03066,1
3067, trig03000,cat64ms.03067,1
3068, trig03000,cat64ms.03068,1
3070, trig03000,cat64ms.03070,1
3071, trig03000,cat64ms.03071,0
3072, trig03000,cat64ms.03072,1
3073, trig03000,cat64ms.03073,1
3074, trig03000,cat64ms.03074,1
3075, trig03000,cat64ms.03075,1
3076, trig03000,cat64ms.03076,1
3078, trig03000,cat64ms.03078,1
3080, trig03000,cat64ms.03080,1
3084, trig03000,cat64ms.03084,0
3085, trig03000,cat64ms.03085,1
3087, trig03000,cat64ms.03087,1
3088, trig03000,cat64ms.03088,1
3089, trig03000,cat64ms.03089,0
3091, trig03000,cat64ms.03091,1
3093, trig03000,cat64ms.03093,1
3094, trig03000,cat64ms.03094,1
3096, trig03000,cat64ms.03096,1
3099, trig03000,cat64ms.03099,1
3100, trig03000,cat64ms.03100,1
3101, trig03000,cat64ms.03101,1
3102, trig03000,cat64ms.03102,1
3103, trig03000,cat64ms.03103,1
3108, trig03000,cat64ms.03108,0
3109, trig03000,cat64ms.03109,1
3110, trig03000,cat64ms.03110,1
3113, trig03000,cat64ms.03113,1
3114, trig03000,cat64ms.03114,1
3115, trig03000,cat64ms.03115,1
3118, trig03000,cat64ms.03118,1
3119, trig03000,cat64ms.03119,1
3120, trig03000,cat64ms.03120,1
3121, trig03000,cat64ms.03121,1
3127, trig03000,cat64ms.03127,1
3128, trig03000,cat64ms.03128,1
3129, trig03000,cat64ms.03129,1
3130, trig03000,cat64ms.03130,1
3131, trig03000,cat64ms.03131,1
3132, trig03000,cat64ms.03132,1
3134, trig03000,cat64ms.03134,1
3135, trig03000,cat64ms.03135,1
3136, trig03000,cat64ms.03136,1
3137, trig03000,cat64ms.03137,1
3138, trig03000,cat64ms.03138,1
3139, trig03000,cat64ms.03139,1
3141, trig03000,cat64ms.03141,0
3142, trig03000,cat64ms.03142,1
3143, trig03000,cat64ms.03143,1
3144, trig03000,cat64ms.03144,1
3146, trig03000,cat64ms.03146,1
3152, trig03000,cat64ms.03152,1
3153, trig03000,cat64ms.03153,1
3155, trig03000,cat64ms.03155,1
3156, trig03000,cat64ms.03156,1
3159, trig03000,cat64ms.03159,1
3160, trig03000,cat64ms.03160,1
3164, trig03000,cat64ms.03164,1
3166, trig03000,cat64ms.03166,1
3167, trig03000,cat64ms.03167,1
3168, trig03000,cat64ms.03168,1
3171, trig03000,cat64ms.03171,1
3173, trig03000,cat64ms.03173,1
3174, trig03000,cat64ms.03174,1
3177, trig03000,cat64ms.03177,1
3178, trig03000,cat64ms.03178,1
3193, trig03000,cat64ms.03193,1
3212, trig03000,cat64ms.03212,1
3215, trig03000,cat64ms.03215,1
3217, trig03000,cat64ms.03217,1
3218, trig03000,cat64ms.03218,1
3220, trig03000,cat64ms.03220,1
3227, trig03000,cat64ms.03227,0
3229, trig03000,cat64ms.03229,1
3237, trig03000,cat64ms.03237,1
3241, trig03000,cat64ms.03241,1
3242, trig03000,cat64ms.03242,1
3245, trig03000,cat64ms.03245,1
3246, trig03000,cat64ms.03246,1
3247, trig03000,cat64ms.03247,1
3248, trig03000,cat64ms.03248,1
3251, trig03000,cat64ms.03251,1
3253, trig03000,cat64ms.03253,1
3255, trig03000,cat64ms.03255,1
3256, trig03000,cat64ms.03256,1
3257, trig03000,cat64ms.03257,1
3259, trig03000,cat64ms.03259,1
3266, trig03000,cat64ms.03266,1
3267, trig03000,cat64ms.03267,1
3269, trig03000,cat64ms.03269,1
3273, trig03000,cat64ms.03273,0
3278, trig03000,cat64ms.03278,1
3279, trig03000,cat64ms.03279,1
3280, trig03000,cat64ms.03280,1
3282, trig03000,cat64ms.03282,1
3283, trig03000,cat64ms.03283,1
3284, trig03000,cat64ms.03284,1
3286, trig03000,cat64ms.03286,1
3287, trig03000,cat64ms.03287,1
3290, trig03000,cat64ms.03290,1
3292, trig03000,cat64ms.03292,1
3293, trig03000,cat64ms.03293,1
3294, trig03000,cat64ms.03294,1
3301, trig03000,cat64ms.03301,1
3303, trig03000,cat64ms.03303,1
3306, trig03000,cat64ms.03306,1
3307, trig03000,cat64ms.03307,1
3308, trig03000,cat64ms.03308,1
3319, trig03000,cat64ms.03319,1
3320, trig03000,cat64ms.03320,1
3321, trig03000,cat64ms.03321,1
3322, trig03000,cat64ms.03322,1
3323, trig03000,cat64ms.03323,1
3324, trig03000,cat64ms.03324,1
3330, trig03000,cat64ms.03330,1
3333, trig03000,cat64ms.03333,1
3335, trig03000,cat64ms.03335,1
3336, trig03000,cat64ms.03336,1
3337, trig03000,cat64ms.03337,1
3338, trig03000,cat64ms.03338,1
3339, trig03000,cat64ms.03339,1
3340, trig03000,cat64ms.03340,1
3342, trig03000,cat64ms.03342,1
3345, trig03000,cat64ms.03345,1
3347, trig03000,cat64ms.03347,1
3349, trig03000,cat64ms.03349,1
3350, trig03000,cat64ms.03350,1
3351, trig03000,cat64ms.03351,0
3352, trig03000,cat64ms.03352,1
3356, trig03000,cat64ms.03356,1
3357, trig03000,cat64ms.03357,1
3358, trig03000,cat64ms.03358,1
3359, trig03000,cat64ms.03359,1
3360, trig03000,cat64ms.03360,1
3364, trig03000,cat64ms.03364,1
3369, trig03000,cat64ms.03369,1
3370, trig03000,cat64ms.03370,1
3374, trig03000,cat64ms.03374,1
3378, trig03000,cat64ms.03378,1
3379, trig03000,cat64ms.03379,1
3384, trig03000,cat64ms.03384,1
3403, trig03000,cat64ms.03403,1
3405, trig03000,cat64ms.03405,1
3406, trig03000,cat64ms.03406,0
3407, trig03000,cat64ms.03407,1
3408, trig03000,cat64ms.03408,1
3410, trig03000,cat64ms.03410,1
3412, trig03000,cat64ms.03412,1
3415, trig03000,cat64ms.03415,1
3416, trig03000,cat64ms.03416,1
3431, trig03000,cat64ms.03431,1
3436, trig03000,cat64ms.03436,1
3437, trig03000,cat64ms.03437,1
3439, trig03000,cat64ms.03439,1
3440, trig03000,cat64ms.03440,0
3441, trig03000,cat64ms.03441,0
3448, trig03000,cat64ms.03448,1
3458, trig03000,cat64ms.03458,1
3464, trig03000,cat64ms.03464,1
3465, trig03000,cat64ms.03465,1
3466, trig03000,cat64ms.03466,1
3467, trig03000,cat64ms.03467,1
3471, trig03000,cat64ms.03471,1
3472, trig03000,cat64ms.03472,1
3476, trig03000,cat64ms.03476,1
3477, trig03000,cat64ms.03477,1
3480, trig03000,cat64ms.03480,1
3481, trig03000,cat64ms.03481,0
3485, trig03000,cat64ms.03485,1
3486, trig03000,cat64ms.03486,1
3487, trig03000,cat64ms.03487,0
3488, trig03000,cat64ms.03488,0
3489, trig03000,cat64ms.03489,1
3491, trig03000,cat64ms.03491,1
3492, trig03000,cat64ms.03492,1
3493, trig03000,cat64ms.03493,0
3494, trig03000,cat64ms.03494,1
3502, trig03000,cat64ms.03502,1
3503, trig03000,cat64ms.03503,1
3505, trig03000,cat64ms.03505,1
3509, trig03000,cat64ms.03509,1
3510, trig03000,cat64ms.03510,1
3511, trig03000,cat64ms.03511,1
3512, trig03000,cat64ms.03512,1
3514, trig03000,cat64ms.03514,1
3515, trig03000,cat64ms.03515,1
3516, trig03000,cat64ms.03516,1
3523, trig03000,cat64ms.03523,1
3527, trig03000,cat64ms.03527,1
3528, trig03000,cat64ms.03528,1
3530, trig03000,cat64ms.03530,1
3545, trig03000,cat64ms.03545,1
3552, trig03000,cat64ms.03552,1
3567, trig03000,cat64ms.03567,0
3569, trig03000,cat64ms.03569,1
3571, trig03000,cat64ms.03571,1
3580, trig03000,cat64ms.03580,0
3588, trig03000,cat64ms.03588,0
3593, trig03000,cat64ms.03593,0
3598, trig03000,cat64ms.03598,1
3606, trig03000,cat64ms.03606,1
3608, trig03000,cat64ms.03608,1
3611, trig03000,cat64ms.03611,1
3618, trig03000,cat64ms.03618,1
3634, trig03000,cat64ms.03634,0
3637, trig03000,cat64ms.03637,1
3639, trig03000,cat64ms.03639,0
3640, trig03000,cat64ms.03640,1
3643, trig03000,cat64ms.03643,1
3644, trig03000,cat64ms.03644,1
3647, trig03000,cat64ms.03647,0
3648, trig03000,cat64ms.03648,1
3649, trig03000,cat64ms.03649,1
3652, trig03000,cat64ms.03652,1
3654, trig03000,cat64ms.03654,1
3655, trig03000,cat64ms.03655,1
3658, trig03000,cat64ms.03658,1
3662, trig03000,cat64ms.03662,1
3663, trig03000,cat64ms.03663,0
3664, trig03000,cat64ms.03664,1
3665, trig03000,cat64ms.03665,1
3668, trig03000,cat64ms.03668,1
3671, trig03000,cat64ms.03671,1
3709, trig03000,cat64ms.03709,1
3711, trig03000,cat64ms.03711,1
3717, trig03000,cat64ms.03717,1
3722, trig03000,cat64ms.03722,1
3728, trig03000,cat64ms.03728,1
3733, trig03000,cat64ms.03733,1
3734, trig03000,cat64ms.03734,0
3735, trig03000,cat64ms.03735,1
3736, trig03000,cat64ms.03736,1
3737, trig03000,cat64ms.03737,1
3740, trig03000,cat64ms.03740,0
3742, trig03000,cat64ms.03742,1
3745, trig03000,cat64ms.03745,1
3751, trig03000,cat64ms.03751,1
3765, trig03000,cat64ms.03765,1
3766, trig03000,cat64ms.03766,0
3767, trig03000,cat64ms.03767,0
3768, trig03000,cat64ms.03768,1
3770, trig03000,cat64ms.03770,1
3771, trig03000,cat64ms.03771,1
3772, trig03000,cat64ms.03772,1
3773, trig03000,cat64ms.03773,1
3774, trig03000,cat64ms.03774,1
3776, trig03000,cat64ms.03776,0
3779, trig03000,cat64ms.03779,1
3781, trig03000,cat64ms.03781,1
3782, trig03000,cat64ms.03782,1
3788, trig03000,cat64ms.03788,1
3789, trig03000,cat64ms.03789,1
3791, trig03000,cat64ms.03791,1
3792, trig03000,cat64ms.03792,1
3799, trig03000,cat64ms.03799,1
3800, trig03000,cat64ms.03800,1
3801, trig03000,cat64ms.03801,1
3803, trig03000,cat64ms.03803,1
3805, trig03000,cat64ms.03805,1
3807, trig03000,cat64ms.03807,1
3810, trig03000,cat64ms.03810,1
3811, trig03000,cat64ms.03811,1
3812, trig03000,cat64ms.03812,0
3814, trig03000,cat64ms.03814,1
3815, trig03000,cat64ms.03815,1
3819, trig03000,cat64ms.03819,1
3840, trig03000,cat64ms.03840,1
3843, trig03000,cat64ms.03843,1
3853, trig03000,cat64ms.03853,1
3860, trig03000,cat64ms.03860,1
3864, trig03000,cat64ms.03864,1
3866, trig03000,cat64ms.03866,1
3867, trig03000,cat64ms.03867,1
3868, trig03000,cat64ms.03868,1
3869, trig03000,cat64ms.03869,1
3870, trig03000,cat64ms.03870,1
3871, trig03000,cat64ms.03871,1
3875, trig03000,cat64ms.03875,1
3879, trig03000,cat64ms.03879,1
3886, trig03000,cat64ms.03886,1
3888, trig03000,cat64ms.03888,1
3889, trig03000,cat64ms.03889,1
3890, trig03000,cat64ms.03890,0
3891, trig03000,cat64ms.03891,1
3892, trig03000,cat64ms.03892,1
3893, trig03000,cat64ms.03893,1
3894, trig03000,cat64ms.03894,1
3895, trig03000,cat64ms.03895,1
3899, trig03000,cat64ms.03899,1
3900, trig03000,cat64ms.03900,0
3901, trig03000,cat64ms.03901,1
3902, trig03000,cat64ms.03902,1
3903, trig03000,cat64ms.03903,1
3904, trig03000,cat64ms.03904,1
3905, trig03000,cat64ms.03905,1
3906, trig03000,cat64ms.03906,1
3908, trig03000,cat64ms.03908,1
3909, trig03000,cat64ms.03909,1
3910, trig03000,cat64ms.03910,1
3911, trig03000,cat64ms.03911,1
3912, trig03000,cat64ms.03912,1
3913, trig03000,cat64ms.03913,1
3914, trig03000,cat64ms.03914,1
3915, trig03000,cat64ms.03915,1
3916, trig03000,cat64ms.03916,1
3917, trig03000,cat64ms.03917,0
3918, trig03000,cat64ms.03918,0
3919, trig03000,cat64ms.03919,1
3921, trig03000,cat64ms.03921,1
3924, trig03000,cat64ms.03924,1
3926, trig03000,cat64ms.03926,1
3929, trig03000,cat64ms.03929,1
3930, trig03000,cat64ms.03930,1
3935, trig03000,cat64ms.03935,1
3936, trig03000,cat64ms.03936,1
3938, trig03000,cat64ms.03938,1
3939, trig03000,cat64ms.03939,1
3940, trig03000,cat64ms.03940,1
3941, trig03000,cat64ms.03941,1
3954, trig03000,cat64ms.03954,1
4039, trig04000,cat64ms.04039,1
4048, trig04000,cat64ms.04048,1
4095, trig04000,cat64ms.04095,1
4146, trig04000,cat64ms.04146,1
4157, trig04000,cat64ms.04157,1
4216, trig04000,cat64ms.04216,1
4251, trig04000,cat64ms.04251,1
4256, trig04000,cat64ms.04256,1
4312, trig04000,cat64ms.04312,1
4327, trig04000,cat64ms.04327,1
4350, trig04000,cat64ms.04350,1
4368, trig04000,cat64ms.04368,1
4388, trig04000,cat64ms.04388,0
4556, trig04000,cat64ms.04556,1
4569, trig04000,cat64ms.04569,1
4653, trig04000,cat64ms.04653,1
4660, trig04000,cat64ms.04660,1
4701, trig04000,cat64ms.04701,1
4710, trig04000,cat64ms.04710,1
4744, trig04000,cat64ms.04744,1
4745, trig04000,cat64ms.04745,0
4776, trig04000,cat64ms.04776,1
4807, trig04000,cat64ms.04807,0
4814, trig04000,cat64ms.04814,1
4871, trig04000,cat64ms.04871,1
4939, trig04000,cat64ms.04939,1
4955, trig04000,cat64ms.04955,1
4959, trig04000,cat64ms.04959,1
5079, trig05000,cat64ms.05079,1
5080, trig05000,cat64ms.05080,1
5206, trig05000,cat64ms.05206,1
5212, trig05000,cat64ms.05212,1
5255, trig05000,cat64ms.05255,1
5277, trig05000,cat64ms.05277,1
5304, trig05000,cat64ms.05304,1
5305, trig05000,cat64ms.05305,1
5339, trig05000,cat64ms.05339,1
5379, trig05000,cat64ms.05379,1
5387, trig05000,cat64ms.05387,1
5389, trig05000,cat64ms.05389,1
5407, trig05000,cat64ms.05407,1
5409, trig05000,cat64ms.05409,1
5410, trig05000,cat64ms.05410,0
5411, trig05000,cat64ms.05411,1
5412, trig05000,cat64ms.05412,1
5413, trig05000,cat64ms.05413,0
5415, trig05000,cat64ms.05415,1
5416, trig05000,cat64ms.05416,1
5417, trig05000,cat64ms.05417,1
5419, trig05000,cat64ms.05419,1
5420, trig05000,cat64ms.05420,0
5421, trig05000,cat64ms.05421,0
5423, trig05000,cat64ms.05423,1
5427, trig05000,cat64ms.05427,1
5428, trig05000,cat64ms.05428,1
5433, trig05000,cat64ms.05433,1
5434, trig05000,cat64ms.05434,1
5436, trig05000,cat64ms.05436,0
5439, trig05000,cat64ms.05439,1
5446, trig05000,cat64ms.05446,0
5447, trig05000,cat64ms.05447,1
5448, trig05000,cat64ms.05448,1
5450, trig05000,cat64ms.05450,0
5451, trig05000,cat64ms.05451,1
5452, trig05000,cat64ms.05452,1
5453, trig05000,cat64ms.05453,1
5454, trig05000,cat64ms.05454,1
5456, trig05000,cat64ms.05456,1
5457, trig05000,cat64ms.05457,0
5459, trig05000,cat64ms.05459,1
5461, trig05000,cat64ms.05461,1
5463, trig05000,cat64ms.05463,1
5464, trig05000,cat64ms.05464,1
5465, trig05000,cat64ms.05465,1
5466, trig05000,cat64ms.05466,1
5467, trig05000,cat64ms.05467,1
5469, trig05000,cat64ms.05469,1
5470, trig05000,cat64ms.05470,1
5471, trig05000,cat64ms.05471,1
5472, trig05000,cat64ms.05472,1
5473, trig05000,cat64ms.05473,1
5474, trig05000,cat64ms.05474,1
5475, trig05000,cat64ms.05475,1
5476, trig05000,cat64ms.05476,1
5477, trig05000,cat64ms.05477,1
5478, trig05000,cat64ms.05478,0
5479, trig05000,cat64ms.05479,1
5480, trig05000,cat64ms.05480,1
5482, trig05000,cat64ms.05482,1
5483, trig05000,cat64ms.05483,1
5484, trig05000,cat64ms.05484,1
5485, trig05000,cat64ms.05485,1
5486, trig05000,cat64ms.05486,1
5487, trig05000,cat64ms.05487,1
5488, trig05000,cat64ms.05488,1
5489, trig05000,cat64ms.05489,1
5490, trig05000,cat64ms.05490,1
5491, trig05000,cat64ms.05491,1
5492, trig05000,cat64ms.05492,1
5493, trig05000,cat64ms.05493,1
5494, trig05000,cat64ms.05494,1
5495, trig05000,cat64ms.05495,1
5496, trig05000,cat64ms.05496,1
5497, trig05000,cat64ms.05497,1
5498, trig05000,cat64ms.05498,1
5499, trig05000,cat64ms.05499,1
5500, trig05000,cat64ms.05500,1
5501, trig05000,cat64ms.05501,1
5502, trig05000,cat64ms.05502,1
5503, trig05000,cat64ms.05503,1
5504, trig05000,cat64ms.05504,1
5505, trig05000,cat64ms.05505,1
5507, trig05000,cat64ms.05507,1
5508, trig05000,cat64ms.05508,1
5509, trig05000,cat64ms.05509,1
5510, trig05000,cat64ms.05510,1
5512, trig05000,cat64ms.05512,1
5513, trig05000,cat64ms.05513,1
5515, trig05000,cat64ms.05515,1
5516, trig05000,cat64ms.05516,1
5517, trig05000,cat64ms.05517,1
5518, trig05000,cat64ms.05518,1
5523, trig05000,cat64ms.05523,1
5524, trig05000,cat64ms.05524,1
5526, trig05000,cat64ms.05526,1
5527, trig05000,cat64ms.05527,1
5528, trig05000,cat64ms.05528,1
5529, trig05000,cat64ms.05529,1
5530, trig05000,cat64ms.05530,1
5531, trig05000,cat64ms.05531,1
5532, trig05000,cat64ms.05532,1
5533, trig05000,cat64ms.05533,1
5534, trig05000,cat64ms.05534,1
5536, trig05000,cat64ms.05536,1
5537, trig05000,cat64ms.05537,1
5538, trig05000,cat64ms.05538,1
5539, trig05000,cat64ms.05539,1
5540, trig05000,cat64ms.05540,1
5541, trig05000,cat64ms.05541,1
5542, trig05000,cat64ms.05542,1
5545, trig05000,cat64ms.05545,1
5546, trig05000,cat64ms.05546,1
5547, trig05000,cat64ms.05547,1
5548, trig05000,cat64ms.05548,0
5551, trig05000,cat64ms.05551,1
5553, trig05000,cat64ms.05553,0
5554, trig05000,cat64ms.05554,1
5555, trig05000,cat64ms.05555,1
5556, trig05000,cat64ms.05556,1
5559, trig05000,cat64ms.05559,1
5560, trig05000,cat64ms.05560,1
5561, trig05000,cat64ms.05561,1
5562, trig05000,cat64ms.05562,1
5563, trig05000,cat64ms.05563,1
5564, trig05000,cat64ms.05564,1
5565, trig05000,cat64ms.05565,1
5566, trig05000,cat64ms.05566,1
5567, trig05000,cat64ms.05567,1
5568, trig05000,cat64ms.05568,1
5569, trig05000,cat64ms.05569,1
5571, trig05000,cat64ms.05571,1
5572, trig05000,cat64ms.05572,1
5573, trig05000,cat64ms.05573,1
5574, trig05000,cat64ms.05574,1
5575, trig05000,cat64ms.05575,1
5576, trig05000,cat64ms.05576,1
5581, trig05000,cat64ms.05581,1
5585, trig05000,cat64ms.05585,1
5589, trig05000,cat64ms.05589,1
5590, trig05000,cat64ms.05590,1
5591, trig05000,cat64ms.05591,1
5592, trig05000,cat64ms.05592,1
5593, trig05000,cat64ms.05593,1
5594, trig05000,cat64ms.05594,1
5595, trig05000,cat64ms.05595,1
5597, trig05000,cat64ms.05597,1
5599, trig05000,cat64ms.05599,1
5601, trig05000,cat64ms.05601,1
5603, trig05000,cat64ms.05603,1
5604, trig05000,cat64ms.05604,1
5605, trig05000,cat64ms.05605,1
5606, trig05000,cat64ms.05606,1
5607, trig05000,cat64ms.05607,1
5608, trig05000,cat64ms.05608,1
5610, trig05000,cat64ms.05610,1
5612, trig05000,cat64ms.05612,1
5614, trig05000,cat64ms.05614,1
5615, trig05000,cat64ms.05615,1
5617, trig05000,cat64ms.05617,1
5618, trig05000,cat64ms.05618,1
5619, trig05000,cat64ms.05619,1
5620, trig05000,cat64ms.05620,1
5621, trig05000,cat64ms.05621,1
5622, trig05000,cat64ms.05622,1
5624, trig05000,cat64ms.05624,1
5626, trig05000,cat64ms.05626,1
5627, trig05000,cat64ms.05627,1
5628, trig05000,cat64ms.05628,1
5629, trig05000,cat64ms.05629,1
5631, trig05000,cat64ms.05631,1
5632, trig05000,cat64ms.05632,1
5633, trig05000,cat64ms.05633,1
5634, trig05000,cat64ms.05634,1
5635, trig05000,cat64ms.05635,1
5637, trig05000,cat64ms.05637,1
5638, trig05000,cat64ms.05638,1
5640, trig05000,cat64ms.05640,1
5642, trig05000,cat64ms.05642,1
5644, trig05000,cat64ms.05644,1
5645, trig05000,cat64ms.05645,1
5646, trig05000,cat64ms.05646,1
5647, trig05000,cat64ms.05647,1
5648, trig05000,cat64ms.05648,1
5650, trig05000,cat64ms.05650,1
5654, trig05000,cat64ms.05654,1
5655, trig05000,cat64ms.05655,1
5664, trig05000,cat64ms.05664,1
5666, trig05000,cat64ms.05666,0
5667, trig05000,cat64ms.05667,1
5669, trig05000,cat64ms.05669,1
5693, trig05000,cat64ms.05693,0
5704, trig05000,cat64ms.05704,1
5706, trig05000,cat64ms.05706,1
5711, trig05000,cat64ms.05711,1
5713, trig05000,cat64ms.05713,1
5715, trig05000,cat64ms.05715,1
5716, trig05000,cat64ms.05716,1
5718, trig05000,cat64ms.05718,1
5719, trig05000,cat64ms.05719,1
5723, trig05000,cat64ms.05723,1
5724, trig05000,cat64ms.05724,1
5725, trig05000,cat64ms.05725,1
5726, trig05000,cat64ms.05726,1
5729, trig05000,cat64ms.05729,1
5730, trig05000,cat64ms.05730,1
5731, trig05000,cat64ms.05731,1
5733, trig05000,cat64ms.05733,1
5736, trig05000,cat64ms.05736,1
5740, trig05000,cat64ms.05740,1
5770, trig05000,cat64ms.05770,1
5773, trig05000,cat64ms.05773,1
5867, trig05000,cat64ms.05867,1
5890, trig05000,cat64ms.05890,1
5955, trig05000,cat64ms.05955,1
5983, trig05000,cat64ms.05983,1
5989, trig05000,cat64ms.05989,0
5992, trig05000,cat64ms.05992,1
5995, trig05000,cat64ms.05995,1
6004, trig06000,cat64ms.06004,1
6082, trig06000,cat64ms.06082,1
6083, trig06000,cat64ms.06083,1
6090, trig06000,cat64ms.06090,1
6091, trig06000,cat64ms.06091,1
6096, trig06000,cat64ms.06096,1
6098, trig06000,cat64ms.06098,1
6100, trig06000,cat64ms.06100,1
6101, trig06000,cat64ms.06101,1
6102, trig06000,cat64ms.06102,1
6103, trig06000,cat64ms.06103,1
6104, trig06000,cat64ms.06104,1
6105, trig06000,cat64ms.06105,1
6109, trig06000,cat64ms.06109,1
6111, trig06000,cat64ms.06111,1
6113, trig06000,cat64ms.06113,1
6115, trig06000,cat64ms.06115,1
6117, trig06000,cat64ms.06117,1
6118, trig06000,cat64ms.06118,1
6119, trig06000,cat64ms.06119,1
6120, trig06000,cat64ms.06120,1
6123, trig06000,cat64ms.06123,1
6124, trig06000,cat64ms.06124,1
6125, trig06000,cat64ms.06125,0
6127, trig06000,cat64ms.06127,0
6128, trig06000,cat64ms.06128,1
6131, trig06000,cat64ms.06131,1
6134, trig06000,cat64ms.06134,1
6135, trig06000,cat64ms.06135,1
6136, trig06000,cat64ms.06136,1
6137, trig06000,cat64ms.06137,1
6139, trig06000,cat64ms.06139,1
6141, trig06000,cat64ms.06141,1
6142, trig06000,cat64ms.06142,0
6144, trig06000,cat64ms.06144,1
6145, trig06000,cat64ms.06145,1
6147, trig06000,cat64ms.06147,1
6148, trig06000,cat64ms.06148,1
6149, trig06000,cat64ms.06149,0
6151, trig06000,cat64ms.06151,1
6152, trig06000,cat64ms.06152,1
6154, trig06000,cat64ms.06154,1
6156, trig06000,cat64ms.06156,0
6158, trig06000,cat64ms.06158,1
6159, trig06000,cat64ms.06159,1
6160, trig06000,cat64ms.06160,1
6165, trig06000,cat64ms.06165,1
6166, trig06000,cat64ms.06166,1
6167, trig06000,cat64ms.06167,0
6168, trig06000,cat64ms.06168,1
6176, trig06000,cat64ms.06176,1
6178, trig06000,cat64ms.06178,1
6180, trig06000,cat64ms.06180,1
6182, trig06000,cat64ms.06182,1
6186, trig06000,cat64ms.06186,1
6188, trig06000,cat64ms.06188,1
6189, trig06000,cat64ms.06189,1
6190, trig06000,cat64ms.06190,1
6194, trig06000,cat64ms.06194,1
6198, trig06000,cat64ms.06198,1
6204, trig06000,cat64ms.06204,1
6205, trig06000,cat64ms.06205,1
6206, trig06000,cat64ms.06206,1
6207, trig06000,cat64ms.06207,1
6209, trig06000,cat64ms.06209,1
6212, trig06000,cat64ms.06212,1
6214, trig06000,cat64ms.06214,1
6215, trig06000,cat64ms.06215,1
6216, trig06000,cat64ms.06216,1
6219, trig06000,cat64ms.06219,1
6220, trig06000,cat64ms.06220,0
6222, trig06000,cat64ms.06222,1
6223, trig06000,cat64ms.06223,1
6225, trig06000,cat64ms.06225,1
6226, trig06000,cat64ms.06226,1
6227, trig06000,cat64ms.06227,1
6228, trig06000,cat64ms.06228,1
6229, trig06000,cat64ms.06229,1
6230, trig06000,cat64ms.06230,1
6233, trig06000,cat64ms.06233,1
6234, trig06000,cat64ms.06234,1
6235, trig06000,cat64ms.06235,1
6237, trig06000,cat64ms.06237,1
6238, trig06000,cat64ms.06238,1
6240, trig06000,cat64ms.06240,1
6241, trig06000,cat64ms.06241,1
6242, trig06000,cat64ms.06242,0
6243, trig06000,cat64ms.06243,1
6244, trig06000,cat64ms.06244,1
6249, trig06000,cat64ms.06249,1
6251, trig06000,cat64ms.06251,1
6263, trig06000,cat64ms.06263,1
6265, trig06000,cat64ms.06265,1
6266, trig06000,cat64ms.06266,1
6267, trig06000,cat64ms.06267,1
6269, trig06000,cat64ms.06269,1
6270, trig06000,cat64ms.06270,1
6271, trig06000,cat64ms.06271,1
6272, trig06000,cat64ms.06272,1
6273, trig06000,cat64ms.06273,1
6274, trig06000,cat64ms.06274,1
6275, trig06000,cat64ms.06275,1
6276, trig06000,cat64ms.06276,1
6278, trig06000,cat64ms.06278,1
6279, trig06000,cat64ms.06279,1
6280, trig06000,cat64ms.06280,1
6281, trig06000,cat64ms.06281,1
6283, trig06000,cat64ms.06283,0
6284, trig06000,cat64ms.06284,0
6285, trig06000,cat64ms.06285,1
6288, trig06000,cat64ms.06288,1
6292, trig06000,cat64ms.06292,1
6293, trig06000,cat64ms.06293,1
6294, trig06000,cat64ms.06294,1
6295, trig06000,cat64ms.06295,1
6296, trig06000,cat64ms.06296,1
6298, trig06000,cat64ms.06298,1
6299, trig06000,cat64ms.06299,1
6300, trig06000,cat64ms.06300,1
6301, trig06000,cat64ms.06301,1
6303, trig06000,cat64ms.06303,1
6304, trig06000,cat64ms.06304,1
6305, trig06000,cat64ms.06305,1
6306, trig06000,cat64ms.06306,1
6307, trig06000,cat64ms.06307,1
6308, trig06000,cat64ms.06308,1
6309, trig06000,cat64ms.06309,1
6314, trig06000,cat64ms.06314,1
6315, trig06000,cat64ms.06315,0
6317, trig06000,cat64ms.06317,1
6319, trig06000,cat64ms.06319,1
6320, trig06000,cat64ms.06320,0
6321, trig06000,cat64ms.06321,1
6322, trig06000,cat64ms.06322,1
6323, trig06000,cat64ms.06323,1
6328, trig06000,cat64ms.06328,1
6329, trig06000,cat64ms.06329,1
6330, trig06000,cat64ms.06330,1
6331, trig06000,cat64ms.06331,1
6334, trig06000,cat64ms.06334,1
6335, trig06000,cat64ms.06335,1
6336, trig06000,cat64ms.06336,1
6337, trig06000,cat64ms.06337,1
6338, trig06000,cat64ms.06338,1
6339, trig06000,cat64ms.06339,1
6341, trig06000,cat64ms.06341,1
6342, trig06000,cat64ms.06342,1
6343, trig06000,cat64ms.06343,1
6344, trig06000,cat64ms.06344,0
6345, trig06000,cat64ms.06345,1
6346, trig06000,cat64ms.06346,1
6347, trig06000,cat64ms.06347,1
6349, trig06000,cat64ms.06349,1
6351, trig06000,cat64ms.06351,0
6353, trig06000,cat64ms.06353,0
6354, trig06000,cat64ms.06354,1
6355, trig06000,cat64ms.06355,1
6358, trig06000,cat64ms.06358,1
6361, trig06000,cat64ms.06361,1
6366, trig06000,cat64ms.06366,0
6368, trig06000,cat64ms.06368,1
6369, trig06000,cat64ms.06369,1
6370, trig06000,cat64ms.06370,1
6372, trig06000,cat64ms.06372,1
6375, trig06000,cat64ms.06375,1
6376, trig06000,cat64ms.06376,1
6380, trig06000,cat64ms.06380,1
6385, trig06000,cat64ms.06385,1
6386, trig06000,cat64ms.06386,1
6388, trig06000,cat64ms.06388,1
6389, trig06000,cat64ms.06389,0
6390, trig06000,cat64ms.06390,1
6393, trig06000,cat64ms.06393,1
6395, trig06000,cat64ms.06395,1
6396, trig06000,cat64ms.06396,1
6397, trig06000,cat64ms.06397,1
6398, trig06000,cat64ms.06398,1
6399, trig06000,cat64ms.06399,1
6400, trig06000,cat64ms.06400,1
6401, trig06000,cat64ms.06401,1
6405, trig06000,cat64ms.06405,1
6408, trig06000,cat64ms.06408,1
6409, trig06000,cat64ms.06409,1
6411, trig06000,cat64ms.06411,1
6412, trig06000,cat64ms.06412,1
6413, trig06000,cat64ms.06413,1
6414, trig06000,cat64ms.06414,1
6419, trig06000,cat64ms.06419,1
6422, trig06000,cat64ms.06422,1
6427, trig06000,cat64ms.06427,1
6432, trig06000,cat64ms.06432,1
6433, trig06000,cat64ms.06433,1
6435, trig06000,cat64ms.06435,1
6436, trig06000,cat64ms.06436,1
6437, trig06000,cat64ms.06437,1
6439, trig06000,cat64ms.06439,1
6440, trig06000,cat64ms.06440,1
6443, trig06000,cat64ms.06443,1
6444, trig06000,cat64ms.06444,1
6445, trig06000,cat64ms.06445,1
6446, trig06000,cat64ms.06446,1
6447, trig06000,cat64ms.06447,1
6448, trig06000,cat64ms.06448,1
6450, trig06000,cat64ms.06450,1
6451, trig06000,cat64ms.06451,0
6452, trig06000,cat64ms.06452,1
6453, trig06000,cat64ms.06453,1
6454, trig06000,cat64ms.06454,0
6462, trig06000,cat64ms.06462,1
6469, trig06000,cat64ms.06469,1
6472, trig06000,cat64ms.06472,0
6476, trig06000,cat64ms.06476,1
6479, trig06000,cat64ms.06479,1
6486, trig06000,cat64ms.06486,1
6487, trig06000,cat64ms.06487,1
6488, trig06000,cat64ms.06488,1
6489, trig06000,cat64ms.06489,1
6490, trig06000,cat64ms.06490,1
6497, trig06000,cat64ms.06497,1
6498, trig06000,cat64ms.06498,1
6504, trig06000,cat64ms.06504,1
6519, trig06000,cat64ms.06519,1
6520, trig06000,cat64ms.06520,1
6521, trig06000,cat64ms.06521,1
6522, trig06000,cat64ms.06522,1
6523, trig06000,cat64ms.06523,1
6525, trig06000,cat64ms.06525,1
6526, trig06000,cat64ms.06526,1
6527, trig06000,cat64ms.06527,1
6528, trig06000,cat64ms.06528,1
6529, trig06000,cat64ms.06529,1
6531, trig06000,cat64ms.06531,1
6533, trig06000,cat64ms.06533,1
6534, trig06000,cat64ms.06534,1
6535, trig06000,cat64ms.06535,1
6536, trig06000,cat64ms.06536,1
6538, trig06000,cat64ms.06538,1
6539, trig06000,cat64ms.06539,1
6540, trig06000,cat64ms.06540,1
6542, trig06000,cat64ms.06542,1
6543, trig06000,cat64ms.06543,1
6544, trig06000,cat64ms.06544,1
6545, trig06000,cat64ms.06545,1
6546, trig06000,cat64ms.06546,1
6547, trig06000,cat64ms.06547,1
6550, trig06000,cat64ms.06550,1
6551, trig06000,cat64ms.06551,1
6552, trig06000,cat64ms.06552,1
6554, trig06000,cat64ms.06554,1
6557, trig06000,cat64ms.06557,0
6560, trig06000,cat64ms.06560,1
6562, trig06000,cat64ms.06562,1
6564, trig06000,cat64ms.06564,1
6566, trig06000,cat64ms.06566,1
6569, trig06000,cat64ms.06569,1
6571, trig06000,cat64ms.06571,1
6573, trig06000,cat64ms.06573,0
6576, trig06000,cat64ms.06576,1
6577, trig06000,cat64ms.06577,0
6578, trig06000,cat64ms.06578,1
6579, trig06000,cat64ms.06579,1
6580, trig06000,cat64ms.06580,1
6581, trig06000,cat64ms.06581,0
6582, trig06000,cat64ms.06582,1
6583, trig06000,cat64ms.06583,1
6585, trig06000,cat64ms.06585,1
6586, trig06000,cat64ms.06586,1
6587, trig06000,cat64ms.06587,1
6589, trig06000,cat64ms.06589,1
6590, trig06000,cat64ms.06590,0
6591, trig06000,cat64ms.06591,1
6592, trig06000,cat64ms.06592,1
6593, trig06000,cat64ms.06593,1
6598, trig06000,cat64ms.06598,1
6599, trig06000,cat64ms.06599,0
6600, trig06000,cat64ms.06600,1
6601, trig06000,cat64ms.06601,0
6602, trig06000,cat64ms.06602,1
6605, trig06000,cat64ms.06605,1
6606, trig06000,cat64ms.06606,1
6610, trig06000,cat64ms.06610,1
6611, trig06000,cat64ms.06611,1
6613, trig06000,cat64ms.06613,0
6615, trig06000,cat64ms.06615,1
6616, trig06000,cat64ms.06616,1
6619, trig06000,cat64ms.06619,1
6620, trig06000,cat64ms.06620,1
6621, trig06000,cat64ms.06621,1
6622, trig06000,cat64ms.06622,0
6625, trig06000,cat64ms.06625,1
6629, trig06000,cat64ms.06629,0
6630, trig06000,cat64ms.06630,1
6631, trig06000,cat64ms.06631,1
6632, trig06000,cat64ms.06632,1
6634, trig06000,cat64ms.06634,1
6635, trig06000,cat64ms.06635,1
6638, trig06000,cat64ms.06638,1
6640, trig06000,cat64ms.06640,1
6641, trig06000,cat64ms.06641,1
6642, trig06000,cat64ms.06642,1
6643, trig06000,cat64ms.06643,1
6645, trig06000,cat64ms.06645,1
6648, trig06000,cat64ms.06648,1
6649, trig06000,cat64ms.06649,1
6655, trig06000,cat64ms.06655,1
6657, trig06000,cat64ms.06657,1
6658, trig06000,cat64ms.06658,1
6659, trig06000,cat64ms.06659,1
6662, trig06000,cat64ms.06662,1
6665, trig06000,cat64ms.06665,1
6666, trig06000,cat64ms.06666,1
6670, trig06000,cat64ms.06670,1
6672, trig06000,cat64ms.06672,1
6673, trig06000,cat64ms.06673,1
6674, trig06000,cat64ms.06674,1
6676, trig06000,cat64ms.06676,1
6678, trig06000,cat64ms.06678,1
6679, trig06000,cat64ms.06679,1
6682, trig06000,cat64ms.06682,1
6683, trig06000,cat64ms.06683,1
6686, trig06000,cat64ms.06686,1
6689, trig06000,cat64ms.06689,1
6690, trig06000,cat64ms.06690,1
6691, trig06000,cat64ms.06691,1
6693, trig06000,cat64ms.06693,1
6694, trig06000,cat64ms.06694,1
6695, trig06000,cat64ms.06695,1
6697, trig06000,cat64ms.06697,1
6698, trig06000,cat64ms.06698,1
6700, trig06000,cat64ms.06700,1
6702, trig06000,cat64ms.06702,1
6707, trig06000,cat64ms.06707,1
6708, trig06000,cat64ms.06708,1
6710, trig06000,cat64ms.06710,1
6715, trig06000,cat64ms.06715,1
6716, trig06000,cat64ms.06716,1
6720, trig06000,cat64ms.06720,1
6745, trig06000,cat64ms.06745,1
6753, trig06000,cat64ms.06753,1
6757, trig06000,cat64ms.06757,1
6762, trig06000,cat64ms.06762,1
6763, trig06000,cat64ms.06763,1
6764, trig06000,cat64ms.06764,1
6767, trig06000,cat64ms.06767,1
6774, trig06000,cat64ms.06774,0
6782, trig06000,cat64ms.06782,1
6786, trig06000,cat64ms.06786,1
6788, trig06000,cat64ms.06788,1
6796, trig06000,cat64ms.06796,1
6800, trig06000,cat64ms.06800,1
6802, trig06000,cat64ms.06802,1
6814, trig06000,cat64ms.06814,1
6816, trig06000,cat64ms.06816,1
6817, trig06000,cat64ms.06817,1
6824, trig06000,cat64ms.06824,1
6830, trig06000,cat64ms.06830,1
6831, trig06000,cat64ms.06831,1
6853, trig06000,cat64ms.06853,1
6866, trig06000,cat64ms.06866,1
6867, trig06000,cat64ms.06867,1
6870, trig06000,cat64ms.06870,1
6877, trig06000,cat64ms.06877,1
6880, trig06000,cat64ms.06880,1
6882, trig06000,cat64ms.06882,1
6884, trig06000,cat64ms.06884,1
6886, trig06000,cat64ms.06886,1
6891, trig06000,cat64ms.06891,1
6892, trig06000,cat64ms.06892,1
6903, trig06000,cat64ms.06903,1
6904, trig06000,cat64ms.06904,1
6911, trig06000,cat64ms.06911,1
6914, trig06000,cat64ms.06914,1
6916, trig06000,cat64ms.06916,1
6917, trig06000,cat64ms.06917,1
6922, trig06000,cat64ms.06922,0
6927, trig06000,cat64ms.06927,1
6930, trig06000,cat64ms.06930,1
6931, trig06000,cat64ms.06931,1
6935, trig06000,cat64ms.06935,1
6938, trig06000,cat64ms.06938,1
6939, trig06000,cat64ms.06939,1
6943, trig06000,cat64ms.06943,1
6944, trig06000,cat64ms.06944,0
6950, trig06000,cat64ms.06950,1
6951, trig06000,cat64ms.06951,1
6953, trig06000,cat64ms.06953,1
6963, trig06000,cat64ms.06963,1
6985, trig06000,cat64ms.06985,1
6987, trig06000,cat64ms.06987,1
6989, trig06000,cat64ms.06989,1
7000, trig07000,cat64ms.07000,1
7009, trig07000,cat64ms.07009,1
7028, trig07000,cat64ms.07028,1
7060, trig07000,cat64ms.07060,1
7063, trig07000,cat64ms.07063,1
7064, trig07000,cat64ms.07064,1
7078, trig07000,cat64ms.07078,1
7087, trig07000,cat64ms.07087,1
7102, trig07000,cat64ms.07102,1
7106, trig07000,cat64ms.07106,1
7108, trig07000,cat64ms.07108,1
7110, trig07000,cat64ms.07110,1
7111, trig07000,cat64ms.07111,1
7113, trig07000,cat64ms.07113,1
7116, trig07000,cat64ms.07116,1
7130, trig07000,cat64ms.07130,0
7133, trig07000,cat64ms.07133,1
7147, trig07000,cat64ms.07147,1
7148, trig07000,cat64ms.07148,1
7150, trig07000,cat64ms.07150,1
7156, trig07000,cat64ms.07156,1
7157, trig07000,cat64ms.07157,1
7159, trig07000,cat64ms.07159,1
7164, trig07000,cat64ms.07164,1
7167, trig07000,cat64ms.07167,1
7170, trig07000,cat64ms.07170,0
7172, trig07000,cat64ms.07172,1
7173, trig07000,cat64ms.07173,1
7178, trig07000,cat64ms.07178,1
7183, trig07000,cat64ms.07183,1
7185, trig07000,cat64ms.07185,0
7187, trig07000,cat64ms.07187,1
7191, trig07000,cat64ms.07191,1
7206, trig07000,cat64ms.07206,1
7207, trig07000,cat64ms.07207,1
7209, trig07000,cat64ms.07209,1
7213, trig07000,cat64ms.07213,1
7219, trig07000,cat64ms.07219,0
7227, trig07000,cat64ms.07227,1
7228, trig07000,cat64ms.07228,0
7230, trig07000,cat64ms.07230,1
7231, trig07000,cat64ms.07231,0
7233, trig07000,cat64ms.07233,1
7236, trig07000,cat64ms.07236,1
7238, trig07000,cat64ms.07238,1
7240, trig07000,cat64ms.07240,1
7247, trig07000,cat64ms.07247,1
7250, trig07000,cat64ms.07250,1
7255, trig07000,cat64ms.07255,1
7263, trig07000,cat64ms.07263,1
7270, trig07000,cat64ms.07270,0
7272, trig07000,cat64ms.07272,1
7273, trig07000,cat64ms.07273,1
7277, trig07000,cat64ms.07277,1
7281, trig07000,cat64ms.07281,1
7283, trig07000,cat64ms.07283,1
7287, trig07000,cat64ms.07287,1
7290, trig07000,cat64ms.07290,1
7292, trig07000,cat64ms.07292,1
7293, trig07000,cat64ms.07293,1
7294, trig07000,cat64ms.07294,1
7295, trig07000,cat64ms.07295,1
7297, trig07000,cat64ms.07297,1
7298, trig07000,cat64ms.07298,1
7301, trig07000,cat64ms.07301,0
7305, trig07000,cat64ms.07305,1
7310, trig07000,cat64ms.07310,1
7318, trig07000,cat64ms.07318,1
7319, trig07000,cat64ms.07319,1
7322, trig07000,cat64ms.07322,1
7328, trig07000,cat64ms.07328,1
7329, trig07000,cat64ms.07329,1
7335, trig07000,cat64ms.07335,1
7343, trig07000,cat64ms.07343,1
7344, trig07000,cat64ms.07344,1
7352, trig07000,cat64ms.07352,0
7353, trig07000,cat64ms.07353,1
7357, trig07000,cat64ms.07357,1
7358, trig07000,cat64ms.07358,1
7359, trig07000,cat64ms.07359,1
7360, trig07000,cat64ms.07360,1
7361, trig07000,cat64ms.07361,1
7366, trig07000,cat64ms.07366,1
7367, trig07000,cat64ms.07367,1
7369, trig07000,cat64ms.07369,1
7371, trig07000,cat64ms.07371,1
7374, trig07000,cat64ms.07374,1
7375, trig07000,cat64ms.07375,1
7376, trig07000,cat64ms.07376,1
7378, trig07000,cat64ms.07378,1
7379, trig07000,cat64ms.07379,1
7381, trig07000,cat64ms.07381,1
7386, trig07000,cat64ms.07386,1
7387, trig07000,cat64ms.07387,1
7390, trig07000,cat64ms.07390,1
7403, trig07000,cat64ms.07403,1
7404, trig07000,cat64ms.07404,1
7427, trig07000,cat64ms.07427,1
7429, trig07000,cat64ms.07429,1
7430, trig07000,cat64ms.07430,1
7432, trig07000,cat64ms.07432,1
7433, trig07000,cat64ms.07433,1
7440, trig07000,cat64ms.07440,1
7443, trig07000,cat64ms.07443,1
7446, trig07000,cat64ms.07446,1
7447, trig07000,cat64ms.07447,1
7448, trig07000,cat64ms.07448,1
7449, trig07000,cat64ms.07449,1
7451, trig07000,cat64ms.07451,1
7452, trig07000,cat64ms.07452,1
7453, trig07000,cat64ms.07453,1
7455, trig07000,cat64ms.07455,1
7456, trig07000,cat64ms.07456,0
7457, trig07000,cat64ms.07457,1
7460, trig07000,cat64ms.07460,1
7464, trig07000,cat64ms.07464,1
7469, trig07000,cat64ms.07469,1
7472, trig07000,cat64ms.07472,1
7475, trig07000,cat64ms.07475,1
7477, trig07000,cat64ms.07477,1
7481, trig07000,cat64ms.07481,1
7485, trig07000,cat64ms.07485,1
7486, trig07000,cat64ms.07486,1
7487, trig07000,cat64ms.07487,1
7488, trig07000,cat64ms.07488,1
7491, trig07000,cat64ms.07491,1
7493, trig07000,cat64ms.07493,0
7494, trig07000,cat64ms.07494,1
7495, trig07000,cat64ms.07495,1
7496, trig07000,cat64ms.07496,1
7497, trig07000,cat64ms.07497,1
7500, trig07000,cat64ms.07500,1
7502, trig07000,cat64ms.07502,1
7503, trig07000,cat64ms.07503,1
7504, trig07000,cat64ms.07504,1
7508, trig07000,cat64ms.07508,1
7509, trig07000,cat64ms.07509,1
7514, trig07000,cat64ms.07514,1
7515, trig07000,cat64ms.07515,1
7517, trig07000,cat64ms.07517,1
7518, trig07000,cat64ms.07518,1
7520, trig07000,cat64ms.07520,1
7521, trig07000,cat64ms.07521,1
7523, trig07000,cat64ms.07523,0
7526, trig07000,cat64ms.07526,1
7527, trig07000,cat64ms.07527,0
7528, trig07000,cat64ms.07528,1
7529, trig07000,cat64ms.07529,1
7530, trig07000,cat64ms.07530,1
7532, trig07000,cat64ms.07532,1
7533, trig07000,cat64ms.07533,1
7535, trig07000,cat64ms.07535,1
7547, trig07000,cat64ms.07547,1
7548, trig07000,cat64ms.07548,1
7549, trig07000,cat64ms.07549,0
7550, trig07000,cat64ms.07550,1
7551, trig07000,cat64ms.07551,1
7552, trig07000,cat64ms.07552,1
7554, trig07000,cat64ms.07554,1
7559, trig07000,cat64ms.07559,1
7560, trig07000,cat64ms.07560,1
7563, trig07000,cat64ms.07563,1
7566, trig07000,cat64ms.07566,1
7567, trig07000,cat64ms.07567,1
7568, trig07000,cat64ms.07568,1
7573, trig07000,cat64ms.07573,1
7575, trig07000,cat64ms.07575,0
7576, trig07000,cat64ms.07576,1
7579, trig07000,cat64ms.07579,1
7580, trig07000,cat64ms.07580,1
7581, trig07000,cat64ms.07581,1
7582, trig07000,cat64ms.07582,0
7584, trig07000,cat64ms.07584,1
7587, trig07000,cat64ms.07587,1
7588, trig07000,cat64ms.07588,1
7595, trig07000,cat64ms.07595,1
7597, trig07000,cat64ms.07597,1
7598, trig07000,cat64ms.07598,1
7599, trig07000,cat64ms.07599,1
7602, trig07000,cat64ms.07602,1
7603, trig07000,cat64ms.07603,1
7604, trig07000,cat64ms.07604,1
7606, trig07000,cat64ms.07606,1
7607, trig07000,cat64ms.07607,1
7608, trig07000,cat64ms.07608,1
7609, trig07000,cat64ms.07609,1
7614, trig07000,cat64ms.07614,1
7615, trig07000,cat64ms.07615,1
7616, trig07000,cat64ms.07616,1
7617, trig07000,cat64ms.07617,1
7619, trig07000,cat64ms.07619,1
7625, trig07000,cat64ms.07625,1
7626, trig07000,cat64ms.07626,1
7630, trig07000,cat64ms.07630,1
7632, trig07000,cat64ms.07632,1
7635, trig07000,cat64ms.07635,0
7638, trig07000,cat64ms.07638,1
7639, trig07000,cat64ms.07639,1
7642, trig07000,cat64ms.07642,1
7645, trig07000,cat64ms.07645,1
7647, trig07000,cat64ms.07647,1
7648, trig07000,cat64ms.07648,1
7651, trig07000,cat64ms.07651,0
7654, trig07000,cat64ms.07654,1
7656, trig07000,cat64ms.07656,1
7657, trig07000,cat64ms.07657,1
7660, trig07000,cat64ms.07660,1
7662, trig07000,cat64ms.07662,1
7663, trig07000,cat64ms.07663,1
7671, trig07000,cat64ms.07671,1
7674, trig07000,cat64ms.07674,1
7677, trig07000,cat64ms.07677,1
7678, trig07000,cat64ms.07678,1
7683, trig07000,cat64ms.07683,1
7684, trig07000,cat64ms.07684,1
7688, trig07000,cat64ms.07688,0
7695, trig07000,cat64ms.07695,1
7701, trig07000,cat64ms.07701,1
7703, trig07000,cat64ms.07703,0
7705, trig07000,cat64ms.07705,1
7706, trig07000,cat64ms.07706,1
7707, trig07000,cat64ms.07707,1
7710, trig07000,cat64ms.07710,1
7711, trig07000,cat64ms.07711,1
7727, trig07000,cat64ms.07727,1
7729, trig07000,cat64ms.07729,1
7734, trig07000,cat64ms.07734,1
7735, trig07000,cat64ms.07735,1
7741, trig07000,cat64ms.07741,1
7744, trig07000,cat64ms.07744,1
7745, trig07000,cat64ms.07745,1
7749, trig07000,cat64ms.07749,1
7750, trig07000,cat64ms.07750,1
7752, trig07000,cat64ms.07752,1
7753, trig07000,cat64ms.07753,1
7754, trig07000,cat64ms.07754,1
7762, trig07000,cat64ms.07762,1
7766, trig07000,cat64ms.07766,1
7769, trig07000,cat64ms.07769,0
7770, trig07000,cat64ms.07770,1
7775, trig07000,cat64ms.07775,1
7780, trig07000,cat64ms.07780,1
7781, trig07000,cat64ms.07781,1
7784, trig07000,cat64ms.07784,1
7785, trig07000,cat64ms.07785,1
7786, trig07000,cat64ms.07786,1
7788, trig07000,cat64ms.07788,1
7789, trig07000,cat64ms.07789,1
7790, trig07000,cat64ms.07790,1
7791, trig07000,cat64ms.07791,1
7792, trig07000,cat64ms.07792,1
7793, trig07000,cat64ms.07793,1
7794, trig07000,cat64ms.07794,1
7795, trig07000,cat64ms.07795,1
7798, trig07000,cat64ms.07798,1
7800, trig07000,cat64ms.07800,1
7802, trig07000,cat64ms.07802,1
7803, trig07000,cat64ms.07803,1
7805, trig07000,cat64ms.07805,1
7810, trig07000,cat64ms.07810,1
7811, trig07000,cat64ms.07811,1
7812, trig07000,cat64ms.07812,1
7813, trig07000,cat64ms.07813,1
7814, trig07000,cat64ms.07814,1
7818, trig07000,cat64ms.07818,1
7822, trig07000,cat64ms.07822,1
7825, trig07000,cat64ms.07825,1
7830, trig07000,cat64ms.07830,1
7831, trig07000,cat64ms.07831,1
7835, trig07000,cat64ms.07835,0
7838, trig07000,cat64ms.07838,1
7840, trig07000,cat64ms.07840,1
7841, trig07000,cat64ms.07841,1
7843, trig07000,cat64ms.07843,1
7845, trig07000,cat64ms.07845,1
7852, trig07000,cat64ms.07852,1
7854, trig07000,cat64ms.07854,1
7855, trig07000,cat64ms.07855,0
7858, trig07000,cat64ms.07858,1
7862, trig07000,cat64ms.07862,1
7868, trig07000,cat64ms.07868,1
7872, trig07000,cat64ms.07872,1
7875, trig07000,cat64ms.07875,1
7876, trig07000,cat64ms.07876,1
7884, trig07000,cat64ms.07884,1
7885, trig07000,cat64ms.07885,1
7886, trig07000,cat64ms.07886,1
7888, trig07000,cat64ms.07888,1
7899, trig07000,cat64ms.07899,1
7900, trig07000,cat64ms.07900,1
7901, trig07000,cat64ms.07901,1
7902, trig07000,cat64ms.07902,1
7903, trig07000,cat64ms.07903,1
7906, trig07000,cat64ms.07906,1
7912, trig07000,cat64ms.07912,1
7918, trig07000,cat64ms.07918,1
7922, trig07000,cat64ms.07922,1
7923, trig07000,cat64ms.07923,1
7924, trig07000,cat64ms.07924,1
7929, trig07000,cat64ms.07929,1
7932, trig07000,cat64ms.07932,1
7934, trig07000,cat64ms.07934,1
7936, trig07000,cat64ms.07936,1
7938, trig07000,cat64ms.07938,1
7939, trig07000,cat64ms.07939,0
7940, trig07000,cat64ms.07940,0
7942, trig07000,cat64ms.07942,1
7943, trig07000,cat64ms.07943,1
7948, trig07000,cat64ms.07948,1
7952, trig07000,cat64ms.07952,0
7954, trig07000,cat64ms.07954,1
7963, trig07000,cat64ms.07963,1
7965, trig07000,cat64ms.07965,1
7968, trig07000,cat64ms.07968,1
7969, trig07000,cat64ms.07969,1
7970, trig07000,cat64ms.07970,1
7973, trig07000,cat64ms.07973,1
7976, trig07000,cat64ms.07976,1
7979, trig07000,cat64ms.07979,1
7980, trig07000,cat64ms.07980,1
7984, trig07000,cat64ms.07984,1
7987, trig07000,cat64ms.07987,1
7988, trig07000,cat64ms.07988,1
7989, trig07000,cat64ms.07989,1
7992, trig07000,cat64ms.07992,1
7994, trig07000,cat64ms.07994,1
7995, trig07000,cat64ms.07995,1
7997, trig07000,cat64ms.07997,1
7998, trig07000,cat64ms.07998,1
7999, trig07000,cat64ms.07999,1
8001, trig08000,cat64ms.08001,1
8002, trig08000,cat64ms.08002,0
8004, trig08000,cat64ms.08004,1
8008, trig08000,cat64ms.08008,1
8009, trig08000,cat64ms.08009,1
8012, trig08000,cat64ms.08012,1
8018, trig08000,cat64ms.08018,1
8019, trig08000,cat64ms.08019,1
8022, trig08000,cat64ms.08022,1
8026, trig08000,cat64ms.08026,0
8027, trig08000,cat64ms.08027,1
8030, trig08000,cat64ms.08030,1
8035, trig08000,cat64ms.08035,1
8036, trig08000,cat64ms.08036,1
8039, trig08000,cat64ms.08039,1
8041, trig08000,cat64ms.08041,1
8045, trig08000,cat64ms.08045,1
8047, trig08000,cat64ms.08047,1
8049, trig08000,cat64ms.08049,1
8050, trig08000,cat64ms.08050,1
8054, trig08000,cat64ms.08054,1
8059, trig08000,cat64ms.08059,1
8061, trig08000,cat64ms.08061,1
8062, trig08000,cat64ms.08062,1
8063, trig08000,cat64ms.08063,1
8064, trig08000,cat64ms.08064,1
8066, trig08000,cat64ms.08066,1
8071, trig08000,cat64ms.08071,1
8072, trig08000,cat64ms.08072,1
8073, trig08000,cat64ms.08073,1
8075, trig08000,cat64ms.08075,1
8076, trig08000,cat64ms.08076,1
8077, trig08000,cat64ms.08077,1
8079, trig08000,cat64ms.08079,1
8082, trig08000,cat64ms.08082,1
8084, trig08000,cat64ms.08084,1
8085, trig08000,cat64ms.08085,1
8086, trig08000,cat64ms.08086,1
8087, trig08000,cat64ms.08087,0
8089, trig08000,cat64ms.08089,1
8097, trig08000,cat64ms.08097,1
8098, trig08000,cat64ms.08098,0
8099, trig08000,cat64ms.08099,1
8101, trig08000,cat64ms.08101,1
8102, trig08000,cat64ms.08102,1
8104, trig08000,cat64ms.08104,1
8105, trig08000,cat64ms.08105,1
8110, trig08000,cat64ms.08110,1
8111, trig08000,cat64ms.08111,1
8112, trig08000,cat64ms.08112,1
8116, trig08000,cat64ms.08116,0
8120, trig08000,cat64ms.08120,1
8121, trig08000,cat64ms.08121,1